Code,School Name,Level,Grade Span,Calendar,Magnet Program,School Membership 2010-11,KI GRADE,1st GRADE,2nd GRADE,3rd GRADE,4th GRADE,5th GRADE,6th GRADE,7th GRADE,8th GRADE,9th GRADE,10th GRADE,11th GRADE,12th GRADE,MALE,FEMALE,American Indian and Alaska Native,Asian,Black or African American,Hispanic or Latino,Native Hawaiian and Other Pacific Islander,Two or More Races,White,Percent American Indian and Alaska Native,Percent Asian,Percent Black or African American,Percent Hispanic or Latino,Percent Native Hawaiian and Other Pacific Islander,Percent Two or More Races,Percent White,F&R,Percent F&R,ESL,Percent ESL,LEP,Percent LEP,TITLE 1 PROGRAM,NC ABC Results Performance Composite % 2009-10,NC ABC Results Performance Recognition 2009-10,"NC ABC Results Growth Recognition
2009-10",AYP Status,School Board District,School Board Member,Area Superintendent District,Area Superintendent,School Location in Municipal Extra Teritorial Jurisdiction,School Location within Municipal Corporate Limit ,Number Permanent Learning Spaces,20th Day Actual Membership,Special Needs Program Adjustment,Existing School Building Capacity,Existing Temporary Classrooms,Annual School Campus Capacity [ASCC],Percent in Temporary Classrooms,Percent Crowding Using Existing Temp. Classrooms
304,Adams Elementary,E,KI-5 ,Y-R,N/A,806,133,136,142,130,137,128,,,,,,,,416,390,10,52,92,176,,24,452,1.2%,6.5%,11.4%,21.8%,0.0%,3.0%,56.1%,270,33.5%,65,8.1%,130,16.1%,YES,89.1%,Dst,Hgh,Yes,Western Wake,Ms. Debra Goldman,Northeastern Area,Mr. Andre Smith,Cary,CARY,37,806,-147,705,8,742,24.8%,108.6%
307,Alston Ridge Elementary,E,,Y-R,N/A,460,106,91,82,82,52,47,,,,,,,,230,230,,118,63,36,,19,224,0.0%,25.7%,13.7%,7.8%,0.0%,4.1%,48.7%,56,12.2%,20,4.3%,30,6.5%,NO,0.0%,,,,Southern Wake,Mr. Ron Margiotta,Southwestern Area,Ms. Julye Mizelle,Cary,CARY,51,460,0,"1,078",0,"1,078",0.0%,42.7%
308,Apex Elementary,E,KI-5 ,T,N/A,670,116,106,126,106,112,104,,,,,,,,343,327,2,16,94,135,,32,391,0.3%,2.4%,14.0%,20.1%,0.0%,4.8%,58.4%,228,34.0%,36,5.4%,57,8.5%,YES,85.2%,Dst,Hgh,Yes,Southern Wake,Mr. Ron Margiotta,Southwestern Area,Ms. Julye Mizelle,Apex,APEX,37,670,8,586,4,686,13.4%,97.7%
320,Aversboro Elementary,E,KI-5 ,T,N/A,560,85,75,91,122,95,92,,,,,,,,293,267,4,24,180,137,1,27,187,0.7%,4.3%,32.1%,24.5%,0.2%,4.8%,33.4%,332,59.3%,19,3.4%,77,13.8%,YES,68.8%,Pro,Exp,No,Southeast Wake,Mr. John Tedesco,Southern Area,Mr. Lloyd Gardner,Garner,GARNER,40,560,-94,655,0,561,0.0%,99.8%
326,Baileywick Elementary,E,KI-5 ,T,N/A,456,84,66,71,73,88,74,,,,,,,,242,214,,5,44,170,1,13,223,0.0%,1.1%,9.6%,37.3%,0.2%,2.9%,48.9%,196,43.0%,36,7.9%,120,26.3%,YES,80.3%,Dst,Hgh,Yes,North Raleigh,Mr. Kevin L. Hill,Northern Area,Ms. Ann Hooker,Raleigh,RALEIGH,32,456,-4,471,0,467,0.0%,97.6%
327,Ballentine Elementary,E,KI-5 ,Y-R,N/A,653,106,110,116,113,101,107,,,,,,,,340,313,2,7,33,196,,15,400,0.3%,1.1%,5.1%,30.0%,0.0%,2.3%,61.3%,205,31.4%,98,15.0%,126,19.3%,NO,78.5%,Pro,Exp,No,Southeast Wake,Mr. John Tedesco,Southern Area,Mr. Lloyd Gardner,Fuquay-Varina,FUQUAY-VARINA,36,653,29,682,4,803,11.5%,81.3%
325,Banks Road Elementary,E,KI-5 ,Y-R,N/A,658,126,116,124,112,104,76,,,,,,,,326,332,3,9,87,135,,20,404,0.5%,1.4%,13.2%,20.5%,0.0%,3.0%,61.4%,255,38.8%,64,9.7%,84,12.8%,YES,74.7%,Pro,Hgh,No,Southeast Wake,Mr. John Tedesco,Southern Area,Mr. Lloyd Gardner,Fuquay-Varina,FUQUAY-VARINA,51,658,-9,"1,078",0,"1,069",0.0%,61.6%
329,Barwell Elementary,E,KI-5 ,Y-R,N/A,762,122,109,122,132,145,132,,,,,,,,414,348,5,9,454,218,2,25,49,0.7%,1.2%,59.6%,28.6%,0.3%,3.3%,6.4%,509,66.8%,50,6.6%,148,19.4%,YES,53.0%,Pri,Exp,No,Southeast Wake,Mr. John Tedesco,Southwestern Area,Ms. Julye Mizelle,Raleigh,RALEIGH,48,762,-50,"1,009",0,959,0.0%,79.5%
328,Baucom Elementary,E,KI-5 ,T,N/A,833,149,133,150,121,149,131,,,,,,,,448,385,1,53,111,105,1,44,518,0.1%,6.4%,13.3%,12.6%,0.1%,5.3%,62.2%,186,22.3%,33,4.0%,54,6.5%,NO,82.2%,Dst,Hgh,No,Southern Wake,Mr. Ron Margiotta,Southwestern Area,Ms. Julye Mizelle,Apex,APEX,39,833,0,632,10,862,26.7%,96.6%
334,Brassfield Elementary,E,KI-5 ,Y-R,N/A,750,113,133,134,126,114,130,,,,,,,,385,365,2,22,56,84,,29,557,0.3%,2.9%,7.5%,11.2%,0.0%,3.9%,74.3%,101,13.5%,16,2.1%,42,5.6%,NO,89.3%,Dst,Hgh,Yes,North Raleigh,Mr. Kevin L. Hill,Northern Area,Ms. Ann Hooker,Wake County,WAKE COUNTY,35,750,0,659,5,774,14.9%,96.9%
336,Brentwood Elementary,E,KI-5 ,T,Engineering,404,70,61,76,74,67,56,,,,,,,,212,192,,13,158,186,1,9,37,0.0%,3.2%,39.1%,46.0%,0.2%,2.2%,9.2%,315,78.0%,146,36.1%,150,37.1%,YES,56.1%,Pri,Hgh,No,Central Raleigh,Dr. Carolyn Morrison,Northeastern Area,Mr. Andre Smith,Raleigh,RALEIGH,32,404,-153,433,5,395,29.1%,102.3%
340,Briarcliff Elementary,E,KI-5 ,T,N/A,562,92,75,91,114,88,102,,,,,,,,284,278,4,14,85,138,,27,294,0.7%,2.5%,15.1%,24.6%,0.0%,4.8%,52.3%,227,40.4%,30,5.3%,94,16.7%,YES,88.3%,Dst,Hgh,Yes,Western Wake,Ms. Debra Goldman,Eastern Area,Mr. Danny Barnes,Cary,CARY,35,562,-61,540,4,571,16.1%,98.4%
342,Brier Creek Elementary ,E,KI-5 ,Y-R,N/A,783,164,139,148,125,116,91,,,,,,,,382,401,1,58,195,86,,42,401,0.1%,7.4%,24.9%,11.0%,0.0%,5.4%,51.2%,170,21.7%,36,4.6%,60,7.7%,NO,77.7%,Pro,Hgh,No,West Raleigh/Morrisville,Ms. Deborah Prickett,Northern Area,Ms. Ann Hooker,Raleigh,RALEIGH,38,783,-2,728,6,864,16.0%,90.6%
344,Brooks Elementary,E,KI-5 ,T,Museums,576,102,108,118,91,83,74,,,,,,,,291,285,5,7,62,120,1,18,363,0.9%,1.2%,10.8%,20.8%,0.2%,3.1%,63.0%,177,30.7%,67,11.6%,91,15.8%,NO,83.2%,Dst,Hgh,Yes,Central Raleigh,Dr. Carolyn Morrison,Northern Area,Ms. Ann Hooker,Raleigh,RALEIGH,33,576,40,477,1,540,4.3%,106.7%
352,Bugg Elementary,E,KI-5 ,T,Creative Arts & Science,487,78,72,81,94,81,81,,,,,,,,257,230,4,15,366,34,,22,46,0.8%,3.1%,75.2%,7.0%,0.0%,4.5%,9.4%,268,55.0%,18,3.7%,25,5.1%,YES,75.7%,Pro,Hgh,Yes,East Raleigh,Mr. Keith Sutton,Southwestern Area,Ms. Julye Mizelle,Raleigh,RALEIGH,41,487,-32,607,0,575,0.0%,84.7%
358,Carpenter Elementary,E,KI-5 ,Y-R,N/A,728,129,120,158,132,103,86,,,,,,,,373,355,1,141,84,114,,39,349,0.1%,19.4%,11.5%,15.7%,0.0%,5.4%,47.9%,157,21.6%,51,7.0%,87,12.0%,NO,86.3%,Dst,Exp,Yes,West Raleigh/Morrisville,Ms. Deborah Prickett,Northern Area,Ms. Ann Hooker,Cary,CARY,37,728,31,705,2,782,5.9%,93.1%
362,Carver Elementary,E,PK-5 ,MOD,N/A,429,68,63,81,81,58,78,,,,,,,,228,201,2,2,109,109,1,25,181,0.5%,0.5%,25.4%,25.4%,0.2%,5.8%,42.2%,251,58.5%,10,2.3%,61,14.2%,YES,73.3%,Pro,Hgh,Yes,Northeast Wake,Mr. Chris Malone,Eastern Area,Mr. Danny Barnes,Wendell,WAKE COUNTY,39,429,-149,632,5,598,19.2%,71.7%
364,Cary Elementary,E,KI-5 ,T,N/A,489,73,73,83,86,85,89,,,,,,,,245,244,2,9,75,111,,22,270,0.4%,1.8%,15.3%,22.7%,0.0%,4.5%,55.2%,179,36.6%,71,14.5%,77,15.7%,YES,83.4%,Dst,Exp,Yes,Western Wake,Ms. Debra Goldman,Eastern Area,Mr. Danny Barnes,Cary,CARY,36,489,-89,563,0,474,0.0%,103.2%
369,Cedar Fork Elementary,E,KI-5 ,T,N/A,871,161,152,173,133,129,123,,,,,,,,435,436,4,410,96,59,2,40,260,0.5%,47.1%,11.0%,6.8%,0.2%,4.6%,29.9%,89,10.2%,57,6.5%,126,14.5%,NO,91.7%,HE,Hgh,Yes,West Raleigh/Morrisville,Ms. Deborah Prickett,Northern Area,Ms. Ann Hooker,Morrisville,MORRISVILLE,38,871,-20,609,6,727,19.0%,119.8%
376,Combs Elementary,E,KI-5 ,T,Leadership,805,137,162,139,133,115,119,,,,,,,,426,379,2,62,144,123,,38,436,0.2%,7.7%,17.9%,15.3%,0.0%,4.7%,54.2%,240,29.8%,38,4.7%,95,11.8%,NO,82.0%,Dst,Hgh,Yes,South Central Raleigh,Dr. Anne McLaurin,Central Area,Ms. Cathy Moore ,Raleigh,RALEIGH,34,805,109,438,13,846,35.3%,95.2%
380,Conn Elementary,E,KI-5 ,T,Active Learning and Technology,579,90,89,96,102,108,94,,,,,,,,309,270,4,13,292,39,1,29,201,0.7%,2.2%,50.4%,6.7%,0.2%,5.0%,34.7%,242,41.8%,15,2.6%,22,3.8%,YES,71.5%,Pro,Hgh,No,East Raleigh,Mr. Keith Sutton,Central Area,Ms. Cathy Moore ,Raleigh,RALEIGH,36,579,-9,536,4,619,14.9%,93.5%
384,Creech Road Elementary,E,KI-5 ,T,N/A,489,64,69,81,96,86,93,,,,,,,,254,235,,6,238,141,,20,84,0.0%,1.2%,48.7%,28.8%,0.0%,4.1%,17.2%,365,74.6%,55,11.2%,79,16.2%,YES,53.9%,Pri,Exp,No,Southeast Wake,Mr. John Tedesco,Southern Area,Mr. Lloyd Gardner,Garner,GARNER,39,489,-89,632,5,658,17.5%,74.3%
390,Davis Drive Elementary,E,KI-5 ,T,N/A,951,148,136,163,157,176,171,,,,,,,,487,464,6,261,76,117,4,41,446,0.6%,27.4%,8.0%,12.3%,0.4%,4.3%,46.9%,180,18.9%,64,6.7%,119,12.5%,NO,96.1%,HE,Hgh,Yes,Southern Wake,Mr. Ron Margiotta,Southern Area,Mr. Lloyd Gardner,Cary,CARY,39,951,-11,632,13,920,32.5%,103.4%
393,Dillard Drive Elementary,E,KI-5 ,T,N/A,788,156,109,126,110,143,144,,,,,,,,380,408,2,58,198,156,,58,316,0.3%,7.4%,25.1%,19.8%,0.0%,7.4%,40.1%,395,50.1%,73,9.3%,140,17.8%,YES,89.2%,Dst,Hgh,Yes,South Central Raleigh,Dr. Anne McLaurin,Southwestern Area,Ms. Julye Mizelle,Raleigh,RALEIGH,36,788,-55,563,10,738,31.2%,106.8%
396,Douglas Elementary,E,KI-5 ,T,Creative Arts & Science,684,135,115,122,113,102,97,,,,,,,,346,338,1,22,141,136,2,27,355,0.1%,3.2%,20.6%,19.9%,0.3%,3.9%,51.9%,258,37.7%,43,6.3%,63,9.2%,YES,69.8%,Pro,Exp,No,Central Raleigh,Dr. Carolyn Morrison,Northern Area,Ms. Ann Hooker,Raleigh,RALEIGH,32,684,-41,400,10,589,39.0%,116.1%
398,Durant Road Elementary,E,KI-5 ,Y-R,N/A,974,174,167,157,152,160,164,,,,,,,,484,490,11,21,213,182,,52,495,1.1%,2.2%,21.9%,18.7%,0.0%,5.3%,50.8%,376,38.6%,112,11.5%,129,13.2%,YES,80.2%,Dst,Hgh,No,North Raleigh,Mr. Kevin L. Hill,Northeastern Area,Mr. Andre Smith,Raleigh,RALEIGH,35,974,-181,659,18,892,46.4%,109.2%
403,East Garner Elementary,E,KI-5 ,Y-R,N/A,667,122,96,110,121,116,102,,,,,,,,333,334,21,8,364,174,,28,72,3.1%,1.2%,54.6%,26.1%,0.0%,4.2%,10.8%,432,64.8%,60,9.0%,131,19.6%,YES,74.2%,Pro,Hgh,No,Southeast Wake,Mr. John Tedesco,Southern Area,Mr. Lloyd Gardner,Garner,GARNER,46,667,-91,963,0,872,0.0%,76.5%
414,Farmington Woods Elementary,E,KI-5 ,T,International Baccalaureate PYP ,853,166,150,137,126,150,124,,,,,,,,423,430,2,110,137,144,,58,402,0.2%,12.9%,16.1%,16.9%,0.0%,6.8%,47.1%,271,31.8%,46,5.4%,95,11.1%,NO,80.5%,Dst,Hgh,Yes,Western Wake,Ms. Debra Goldman,Eastern Area,Mr. Danny Barnes,Cary,CARY,36,853,14,432,13,745,40.1%,114.5%
417,Forest Pines Drive Elementary,E,KI-5 ,T,N/A,755,107,131,122,139,121,135,,,,,,,,397,358,2,37,151,139,,29,397,0.3%,4.9%,20.0%,18.4%,0.0%,3.8%,52.6%,258,34.2%,50,6.6%,102,13.5%,NO,73.1%,NR,Not Met,No,North Raleigh,Mr. Kevin L. Hill,Northeastern Area,Mr. Andre Smith,Raleigh,RALEIGH,40,755,5,655,0,660,0.0%,114.4%
413,Forestville Road Elementary,E,KI-5 ,T,N/A,665,117,109,109,98,108,124,,,,,,,,317,348,,10,271,162,,40,182,0.0%,1.5%,40.8%,24.4%,0.0%,6.0%,27.4%,361,54.3%,53,8.0%,117,17.6%,YES,75.6%,Pro,Exp,Yes,Northeast Wake,Mr. Chris Malone,Eastern Area,Mr. Danny Barnes,Knightdale,KNIGHTDALE,39,665,-147,632,6,623,22.2%,106.7%
415,Fox Road Elementary,E,KI-5 ,T,N/A,841,132,116,150,140,144,159,,,,,,,,425,416,3,42,410,253,2,36,95,0.4%,5.0%,48.8%,30.1%,0.2%,4.3%,11.3%,616,73.2%,49,5.8%,208,24.7%,YES,63.0%,Pro,Exp,No,North Raleigh,Mr. Kevin L. Hill,Northeastern Area,Mr. Andre Smith,Raleigh,RALEIGH,35,841,-101,540,23,968,54.6%,86.9%
416,Fuller Elementary,E,KI-5 ,T,Gifted & Talented/AG Basics,529,75,86,90,89,95,94,,,,,,,,253,276,4,221,163,54,,13,74,0.8%,41.8%,30.8%,10.2%,0.0%,2.5%,14.0%,183,34.6%,21,4.0%,49,9.3%,NO,80.2%,Dst,Hgh,No,East Raleigh,Mr. Keith Sutton,Southwestern Area,Ms. Julye Mizelle,Raleigh,RALEIGH,30,529,0,366,8,550,33.5%,96.2%
420,Fuquay-Varina Elementary,E,KI-5 ,T,N/A,734,104,111,113,122,128,156,,,,,,,,381,353,2,11,133,127,,41,420,0.3%,1.5%,18.1%,17.3%,0.0%,5.6%,57.2%,271,36.9%,21,2.9%,25,3.4%,YES,74.1%,Pro,Exp,No,Southeast Wake,Mr. John Tedesco,Southern Area,Mr. Lloyd Gardner,Fuquay-Varina,FUQUAY-VARINA,38,734,-119,609,13,789,37.9%,93.0%
440,Green Elementary,E,KI-5 ,Y-R,N/A,504,93,78,85,85,87,76,,,,,,,,257,247,2,4,184,83,9,19,203,0.4%,0.8%,36.5%,16.5%,1.8%,3.8%,40.3%,250,49.6%,13,2.6%,56,11.1%,YES,67.6%,Pro,Exp,No,Central Raleigh,Dr. Carolyn Morrison,Northern Area,Ms. Ann Hooker,Raleigh,RALEIGH,33,504,-13,613,4,692,13.3%,72.8%
439,Green Hope Elementary,E,KI-5 ,T,N/A,839,101,113,140,167,150,168,,,,,,,,406,433,2,225,110,114,,36,352,0.2%,26.8%,13.1%,13.6%,0.0%,4.3%,42.0%,186,22.2%,54,6.4%,100,11.9%,NO,85.0%,Dst,Hgh,No,West Raleigh/Morrisville,Ms. Deborah Prickett,Northern Area,Ms. Ann Hooker,Cary,CARY,38,839,26,609,9,842,24.6%,99.6%
451,Harris Creek Elementary,E,KI-5 ,Y-R,N/A,842,145,145,142,139,139,132,,,,,,,,429,413,2,25,280,134,,58,343,0.2%,3.0%,33.3%,15.9%,0.0%,6.9%,40.7%,280,33.3%,49,5.8%,99,11.8%,NO,77.7%,Pro,Hgh,Yes,Northeast Wake,Mr. Chris Malone,Northeastern Area,Mr. Andre Smith,Raleigh,RALEIGH,48,842,78,"1,009",4,"1,179",7.8%,71.4%
306,Herbert Akins Road Elementary,E,KI-5 ,Y-R,N/A,766,149,143,141,133,108,92,,,,,,,,368,398,3,9,121,101,,47,485,0.4%,1.2%,15.8%,13.2%,0.0%,6.1%,63.3%,225,29.4%,17,2.2%,50,6.5%,NO,74.3%,NR,Not Met,No,Southeast Wake,Mr. John Tedesco,Southern Area,Mr. Lloyd Gardner,Fuquay-Varina,FUQUAY-VARINA,51,766,0,"1,078",0,"1,078",0.0%,71.1%
454,Heritage Elementary,E,KI-5 ,Y-R,N/A,881,134,136,145,164,160,142,,,,,,,,459,422,2,22,132,56,,19,650,0.2%,2.5%,15.0%,6.4%,0.0%,2.2%,73.8%,157,17.8%,19,2.2%,31,3.5%,NO,83.5%,Dst,Exp,No,Northeast Wake,Mr. Chris Malone,Northeastern Area,Mr. Andre Smith,Wake Forest,WAKE FOREST,37,881,-41,705,7,825,19.5%,106.8%
443,Highcroft Drive Elementary,E,KI-5 ,Y-R,N/A,777,136,131,135,132,129,114,,,,,,,,421,356,1,97,26,37,,43,573,0.1%,12.5%,3.3%,4.8%,0.0%,5.5%,73.7%,39,5.0%,19,2.4%,33,4.2%,NO,91.8%,HE,Exp,Yes,Southern Wake,Mr. Ron Margiotta,Southern Area,Mr. Lloyd Gardner,Cary,CARY,38,777,95,779,9,"1,081",19.1%,71.9%
442,Hilburn Drive Elementary,E,KI-5 ,T,N/A,481,74,73,86,75,86,87,,,,,,,,253,228,,43,172,90,,24,152,0.0%,8.9%,35.8%,18.7%,0.0%,5.0%,31.6%,231,48.0%,33,6.9%,64,13.3%,YES,65.1%,Pro,Exp,No,West Raleigh/Morrisville,Ms. Deborah Prickett,Northern Area,Ms. Ann Hooker,Raleigh,RALEIGH,35,481,-20,540,8,704,26.1%,68.3%
446,Hodge Road Elementary,E,KI-5 ,Y-R,N/A,729,146,111,132,112,119,109,,,,,,,,387,342,2,14,237,365,,25,86,0.3%,1.9%,32.5%,50.1%,0.0%,3.4%,11.8%,518,71.1%,88,12.1%,200,27.4%,YES,64.8%,Pro,Hgh,Yes,Northeast Wake,Mr. Chris Malone,Eastern Area,Mr. Danny Barnes,Knightdale,KNIGHTDALE,36,729,-140,682,5,657,17.5%,111.0%
457,Holly Grove Elementary,E,KI-5 ,Y-R,N/A,854,144,140,155,143,141,131,,,,,,,,416,438,,18,101,75,2,37,621,0.0%,2.1%,11.8%,8.8%,0.2%,4.3%,72.7%,134,15.7%,7,0.8%,24,2.8%,NO,86.1%,Dst,Hgh,Yes,Southern Wake,Mr. Ron Margiotta,Southern Area,Mr. Lloyd Gardner,Holly Springs,HOLLY SPRINGS,46,854,62,963,3,"1,094",6.3%,78.1%
449,Holly Ridge Elementary ,E,KI-5 ,T,N/A,729,102,121,117,109,135,145,,,,,,,,360,369,1,21,135,93,,38,441,0.1%,2.9%,18.5%,12.8%,0.0%,5.2%,60.5%,209,28.7%,16,2.2%,48,6.6%,NO,82.7%,Dst,Hgh,No,Southern Wake,Mr. Ron Margiotta,Southern Area,Mr. Lloyd Gardner,Holly Springs,HOLLY SPRINGS,36,729,74,563,8,821,22.4%,88.8%
447,Holly Springs Elementary,E,KI-5 ,Y-R,N/A,1071,195,208,169,162,187,150,,,,,,,,525,546,1,28,134,76,2,34,796,0.1%,2.6%,12.5%,7.1%,0.2%,3.2%,74.3%,170,15.9%,16,1.5%,36,3.4%,NO,83.8%,Dst,Exp,Yes,Southern Wake,Mr. Ron Margiotta,Southern Area,Mr. Lloyd Gardner,Holly Springs,HOLLY SPRINGS,36,"1,071",-13,733,16,"1,088",33.8%,98.4%
448,Hunter Elementary,E,KI-5 ,T,Gifted & Talented/AG Basics,725,107,94,115,126,155,128,,,,,,,,354,371,2,52,326,58,1,17,269,0.3%,7.2%,45.0%,8.0%,0.1%,2.3%,37.1%,287,39.6%,28,3.9%,53,7.3%,YES,74.5%,NR,Not Met,No,East Raleigh,Mr. Keith Sutton,Central Area,Ms. Cathy Moore ,Raleigh,RALEIGH,39,725,5,546,6,689,20.0%,105.2%
452,Jeffreys Grove Elementary,E,KI-5 ,T,N/A,534,97,72,88,91,99,87,,,,,,,,273,261,3,12,182,69,,24,244,0.6%,2.2%,34.1%,12.9%,0.0%,4.5%,45.7%,215,40.3%,26,4.9%,37,6.9%,YES,72.7%,Pro,Exp,No,West Raleigh/Morrisville,Ms. Deborah Prickett,Northern Area,Ms. Ann Hooker,Raleigh,RALEIGH,32,534,-15,471,3,525,13.1%,101.7%
453,Jones Dairy Elementary,E,KI-5 ,Y-R,N/A,838,141,149,137,142,133,136,,,,,,,,417,421,2,16,121,46,,32,621,0.2%,1.9%,14.4%,5.5%,0.0%,3.8%,74.1%,178,21.2%,11,1.3%,15,1.8%,NO,88.2%,Dst,Hgh,No,Northeast Wake,Mr. Chris Malone,Northeastern Area,Mr. Andre Smith,Wake County,WAKE COUNTY,36,838,24,682,4,798,11.5%,105.0%
456,Joyner Elementary,E,KI-5 ,T,Center for Spanish Language/IB PYP,666,122,123,115,115,106,85,,,,,,,,350,316,6,15,149,108,1,21,366,0.9%,2.3%,22.4%,16.2%,0.2%,3.2%,55.0%,182,27.3%,27,4.1%,54,8.1%,NO,78.4%,NR,Not Met,No,Central Raleigh,Dr. Carolyn Morrison,Central Area,Ms. Cathy Moore ,Raleigh,RALEIGH,31,666,0,447,8,631,29.2%,105.5%
460,Kingswood Elementary ,E,KI-5 ,T,N/A,345,56,43,62,61,62,61,,,,,,,,195,150,3,34,72,95,,28,113,0.9%,9.9%,20.9%,27.5%,0.0%,8.1%,32.8%,176,51.0%,44,12.8%,68,19.7%,YES,79.0%,Pro,Hgh,Yes,Western Wake,Ms. Debra Goldman,Northeastern Area,Mr. Andre Smith,Cary,CARY,27,345,3,356,0,359,0.0%,96.1%
464,Knightdale Elementary,E,KI-5 ,T,N/A,576,88,92,101,105,103,87,,,,,,,,297,279,2,9,235,173,1,27,129,0.3%,1.6%,40.8%,30.0%,0.2%,4.7%,22.4%,339,58.9%,85,14.8%,115,20.0%,YES,70.4%,Pro,Hgh,Yes,Northeast Wake,Mr. Chris Malone,Eastern Area,Mr. Danny Barnes,Knightdale,KNIGHTDALE,40,576,-121,655,8,718,25.6%,80.2%
468,Lacy Elementary,E,KI-5 ,T,N/A,850,155,116,145,172,127,135,,,,,,,,437,413,2,64,125,61,,18,580,0.2%,7.5%,14.7%,7.2%,0.0%,2.1%,68.2%,267,31.4%,80,9.4%,100,11.8%,NO,78.4%,Pro,Hgh,No,Central Raleigh,Dr. Carolyn Morrison,Central Area,Ms. Cathy Moore ,Raleigh,RALEIGH,40,850,-11,655,0,644,0.0%,132.0%
474,Lake Myra Elementary,E,KI-5 ,Y-R,N/A,548,87,88,106,75,110,82,,,,,,,,297,251,1,8,198,139,,30,172,0.2%,1.5%,36.1%,25.4%,0.0%,5.5%,31.4%,266,48.5%,43,7.8%,84,15.3%,YES,64.9%,NR,Not Met,No,Northeast Wake,Mr. Chris Malone,Eastern Area,Mr. Danny Barnes,Wendell,WENDELL,51,548,-34,"1,078",0,"1,044",0.0%,52.5%
467,Laurel Park Elementary,E,KI-5 ,Y-R,N/A,935,161,160,166,156,159,133,,,,,,,,474,461,3,108,73,134,,47,570,0.3%,11.6%,7.8%,14.3%,0.0%,5.0%,61.0%,158,16.9%,43,4.6%,85,9.1%,NO,85.3%,Dst,Exp,Yes,Western Wake,Ms. Debra Goldman,Southwestern Area,Ms. Julye Mizelle,Cary,CARY,46,935,81,963,0,"1,044",0.0%,89.6%
470,Lead Mine Elementary,E,KI-5 ,T,N/A,482,103,71,72,75,82,79,,,,,,,,251,231,5,12,145,72,,20,228,1.0%,2.5%,30.1%,14.9%,0.0%,4.1%,47.3%,179,37.1%,21,4.4%,42,8.7%,YES,83.2%,Dst,Hgh,Yes,West Raleigh/Morrisville,Ms. Deborah Prickett,Northern Area,Ms. Ann Hooker,Raleigh,RALEIGH,35,482,0,540,1,563,4.1%,85.6%
469,Leesville Road Elementary,E,KI-5 ,T,N/A,904,122,136,150,162,158,176,,,,,,,,437,467,3,57,220,77,,32,515,0.3%,6.3%,24.3%,8.5%,0.0%,3.5%,57.0%,242,26.8%,46,5.1%,60,6.6%,NO,84.3%,Dst,Exp,No,West Raleigh/Morrisville,Ms. Deborah Prickett,Northern Area,Ms. Ann Hooker,Raleigh,RALEIGH,35,904,118,432,17,941,41.6%,96.1%
476,Lincoln Heights Elementary,E,KI-5 ,T,N/A,512,69,74,95,92,91,91,,,,,,,,260,252,1,6,143,110,,21,231,0.2%,1.2%,27.9%,21.5%,0.0%,4.1%,45.1%,233,45.5%,32,6.3%,46,9.0%,YES,69.0%,Pro,Exp,No,Southeast Wake,Mr. John Tedesco,Southern Area,Mr. Lloyd Gardner,Fuquay-Varina,FUQUAY-VARINA,37,512,-57,586,15,874,39.5%,58.6%
480,Lockhart Elementary,E,KI-5 ,Y-R,N/A,713,114,114,118,124,126,117,,,,,,,,366,347,2,5,261,192,1,25,227,0.3%,0.7%,36.6%,26.9%,0.1%,3.5%,31.8%,381,53.4%,54,7.6%,96,13.5%,YES,78.7%,Pro,Exp,Yes,Northeast Wake,Mr. Chris Malone,Eastern Area,Mr. Danny Barnes,Knightdale,KNIGHTDALE,29,713,-252,705,13,752,39.8%,94.8%
488,Lynn Road Elementary,E,KI-5 ,T,N/A,601,98,92,118,90,98,105,,,,,,,,308,293,,6,266,98,,41,190,0.0%,1.0%,44.3%,16.3%,0.0%,6.8%,31.6%,322,53.6%,30,5.0%,39,6.5%,YES,61.2%,Pro,Exp,No,Central Raleigh,Dr. Carolyn Morrison,Northern Area,Ms. Ann Hooker,Raleigh,RALEIGH,40,601,-38,655,0,617,0.0%,97.4%
494,Middle Creek Elementary,E,KI-5 ,Y-R,N/A,951,151,168,173,147,157,155,,,,,,,,484,467,4,24,86,136,,36,665,0.4%,2.5%,9.0%,14.3%,0.0%,3.8%,69.9%,194,20.4%,34,3.6%,50,5.3%,NO,83.8%,Dst,Hgh,No,South Central Raleigh,Dr. Anne McLaurin,Southwestern Area,Ms. Julye Mizelle,Cary,CARY,37,951,-2,756,16,"1,122",32.8%,84.8%
496,Millbrook Elementary,E,KI-5 ,T,International Baccalaureate PYP ,800,108,146,151,142,121,132,,,,,,,,425,375,,17,377,230,,45,131,0.0%,2.1%,47.1%,28.8%,0.0%,5.6%,16.4%,515,64.4%,29,3.6%,150,18.8%,YES,67.0%,Pro,Exp,No,Central Raleigh,Dr. Carolyn Morrison,Northern Area,Ms. Ann Hooker,Raleigh,RALEIGH,46,800,17,662,0,679,0.0%,117.8%
501,Mills Park Elementary,E,KI-5 ,T,N/A,947,122,139,167,183,161,175,,,,,,,,455,492,2,252,89,83,,48,473,0.2%,26.6%,9.4%,8.8%,0.0%,5.1%,49.9%,122,12.9%,29,3.1%,63,6.7%,NO,92.6%,HE,Hgh,Yes,Southern Wake,Mr. Ron Margiotta,Southwestern Area,Ms. Julye Mizelle,Cary,CARY,51,947,88,800,0,888,0.0%,106.6%
504,Morrisville Elementary,E,KI-5 ,Y-R,N/A,761,135,129,132,119,126,120,,,,,,,,387,374,1,140,64,37,,46,473,0.1%,18.4%,8.4%,4.9%,0.0%,6.0%,62.2%,72,9.5%,19,2.5%,34,4.5%,NO,91.8%,HE,Hgh,Yes,West Raleigh/Morrisville,Ms. Deborah Prickett,Northern Area,Ms. Ann Hooker,Morrisville,MORRISVILLE,35,761,42,659,5,816,14.1%,93.3%
514,North Forest Pines Elementary,E,KI-5 ,Y-R,N/A,860,161,138,133,147,131,150,,,,,,,,421,439,6,23,126,119,1,26,559,0.7%,2.7%,14.7%,13.8%,0.1%,3.0%,65.0%,236,27.4%,69,8.0%,91,10.6%,NO,78.3%,Pro,Exp,No,North Raleigh,Mr. Kevin L. Hill,Northeastern Area,Mr. Andre Smith,Raleigh,RALEIGH,40,860,28,774,0,802,0.0%,107.2%
516,North Ridge Elementary,E,KI-5 ,T,N/A,753,122,127,126,128,133,117,,,,,,,,393,360,1,37,142,167,,31,375,0.1%,4.9%,18.9%,22.2%,0.0%,4.1%,49.8%,313,41.6%,48,6.4%,139,18.5%,YES,74.5%,Pro,Exp,No,North Raleigh,Mr. Kevin L. Hill,Northern Area,Ms. Ann Hooker,Raleigh,RALEIGH,34,753,-73,517,13,743,40.2%,101.3%
520,Northwoods Elementary,E,KI-5 ,T,N/A,523,85,101,85,77,91,84,,,,,,,,257,266,2,68,115,107,1,29,201,0.4%,13.0%,22.0%,20.5%,0.2%,5.5%,38.4%,198,37.9%,59,11.3%,71,13.6%,YES,79.3%,Pro,Exp,No,Western Wake,Ms. Debra Goldman,Northeastern Area,Mr. Andre Smith,Cary,CARY,34,523,-80,517,3,506,13.6%,103.4%
522,Oak Grove Elementary,E,KI-5 ,Y-R,N/A,818,132,118,114,151,152,151,,,,,,,,411,407,4,42,85,71,,21,595,0.5%,5.1%,10.4%,8.7%,0.0%,2.6%,72.7%,119,14.5%,20,2.4%,47,5.7%,NO,87.4%,Dst,Exp,No,Southern Wake,Mr. Ron Margiotta,Southwestern Area,Ms. Julye Mizelle,Cary,CARY,35,818,22,659,5,796,14.4%,102.8%
524,Olds Elementary,E,KI-5 ,T,N/A,288,38,37,62,46,46,59,,,,,,,,150,138,1,9,66,16,,11,185,0.3%,3.1%,22.9%,5.6%,0.0%,3.8%,64.2%,69,24.0%,6,2.1%,6,2.1%,NO,85.0%,Dst,Hgh,Yes,South Central Raleigh,Dr. Anne McLaurin,Central Area,Ms. Cathy Moore ,Raleigh,RALEIGH,18,288,111,149,0,260,0.0%,110.8%
523,Olive Chapel Elementary,E,KI-5 ,Y-R,N/A,984,137,156,193,182,165,151,,,,,,,,513,471,2,43,67,84,2,37,749,0.2%,4.4%,6.8%,8.5%,0.2%,3.8%,76.1%,123,12.5%,35,3.6%,46,4.7%,NO,86.3%,Dst,Exp,No,Southern Wake,Mr. Ron Margiotta,Southwestern Area,Ms. Julye Mizelle,Apex,APEX,36,984,86,733,14,"1,141",28.2%,86.2%
525,Partnership Elementary,E,KI-5 ,MOD,N/A,337,53,46,60,59,61,58,,,,,,,,179,158,3,9,97,35,,22,171,0.9%,2.7%,28.8%,10.4%,0.0%,6.5%,50.7%,91,27.0%,19,5.6%,32,9.5%,NO,76.1%,Pro,Exp,No,South Central Raleigh,Dr. Anne McLaurin,Central Area,Ms. Cathy Moore ,Raleigh,RALEIGH,20,337,-9,324,0,315,0.0%,107.0%
530,Penny Road Elementary,E,KI-5 ,T,N/A,625,100,101,108,101,116,99,,,,,,,,326,299,3,18,102,87,,31,384,0.5%,2.9%,16.3%,13.9%,0.0%,5.0%,61.4%,178,28.5%,33,5.3%,50,8.0%,NO,83.5%,Dst,Hgh,Yes,Southern Wake,Mr. Ron Margiotta,Southwestern Area,Ms. Julye Mizelle,Cary,CARY,35,625,0,540,9,747,27.7%,83.7%
531,Pleasant Union Elementary,E,KI-5 ,Y-R,N/A,660,116,103,113,109,108,111,,,,,,,,351,309,2,10,72,35,1,29,511,0.3%,1.5%,10.9%,5.3%,0.2%,4.4%,77.4%,73,11.1%,8,1.2%,14,2.1%,NO,85.9%,Dst,Hgh,Yes,North Raleigh,Mr. Kevin L. Hill,Northern Area,Ms. Ann Hooker,Wake County,WAKE COUNTY,35,660,54,659,0,713,0.0%,92.6%
532,Poe Elementary,E,PK-5 ,T,Montessori,361,77,64,69,56,49,46,,,,,,,,192,169,1,10,125,80,,19,126,0.3%,2.8%,34.6%,22.2%,0.0%,5.3%,34.9%,166,46.0%,46,12.7%,60,16.6%,YES,60.5%,Pro,Exp,No,East Raleigh,Mr. Keith Sutton,Central Area,Ms. Cathy Moore ,Raleigh,RALEIGH,29,361,1,369,0,370,0.0%,97.6%
536,Powell Elementary,E,KI-5 ,T,Gifted & Talented,420,65,65,55,70,85,80,,,,,,,,195,225,3,15,225,28,,22,127,0.7%,3.6%,53.6%,6.7%,0.0%,5.2%,30.2%,221,52.6%,3,0.7%,10,2.4%,YES,74.3%,Pro,Exp,Yes,East Raleigh,Mr. Keith Sutton,Central Area,Ms. Cathy Moore ,Raleigh,RALEIGH,34,420,-55,458,0,403,0.0%,104.2%
540,Rand Road Elementary,E,KI-5 ,Y-R,N/A,572,94,81,90,100,98,109,,,,,,,,306,266,4,5,91,65,,28,379,0.7%,0.9%,15.9%,11.4%,0.0%,4.9%,66.3%,159,27.8%,25,4.4%,28,4.9%,NO,80.6%,Dst,Hgh,Yes,Southeast Wake,Mr. John Tedesco,Southern Area,Mr. Lloyd Gardner,Garner,GARNER,35,572,0,659,8,843,21.8%,67.9%
542,Reedy Creek Elementary,E,KI-5 ,T,N/A,556,79,84,100,91,104,98,,,,,,,,296,260,1,61,152,74,,27,241,0.2%,11.0%,27.3%,13.3%,0.0%,4.9%,43.3%,230,41.4%,30,5.4%,70,12.6%,YES,78.5%,Pro,Hgh,Yes,Central Raleigh,Dr. Carolyn Morrison,Central Area,Ms. Cathy Moore,Cary,CARY,38,556,0,609,9,816,25.4%,68.1%
302,River Bend Elementary,E,KI-5 ,Y-R,N/A,644,110,110,110,102,115,97,,,,,,,,325,319,13,34,217,236,2,39,103,2.0%,5.3%,33.7%,36.6%,0.3%,6.1%,16.0%,397,61.6%,64,9.9%,157,24.4%,YES,70.7%,Pro,Exp,Yes,North Raleigh,Mr. Kevin L. Hill,Northeastern Area,Mr. Andre Smith,Raleigh,RALEIGH,51,644,-22,"1,078",0,"1,056",0.0%,61.0%
544,Rolesville Elementary,E,PK-5 ,T,N/A,643,96,108,116,122,105,96,,,,,,,,338,305,4,29,185,105,1,30,289,0.6%,4.5%,28.8%,16.3%,0.2%,4.7%,44.9%,250,38.9%,24,3.7%,47,7.3%,YES,81.0%,Dst,Exp,Yes,Northeast Wake,Mr. Chris Malone,Northeastern Area,Mr. Andre Smith,Rolesville,ROLESVILLE,33,643,0,494,9,701,29.5%,91.7%
548,Root Elementary,E,KI-5 ,T,N/A,482,84,77,72,71,87,91,,,,,,,,239,243,2,3,151,45,,22,259,0.4%,0.6%,31.3%,9.3%,0.0%,4.6%,53.7%,193,40.0%,31,6.4%,36,7.5%,YES,73.4%,Pro,Exp,No,Central Raleigh,Dr. Carolyn Morrison,Central Area,Ms. Cathy Moore ,Raleigh,RALEIGH,33,482,3,494,0,497,0.0%,97.0%
550,Salem Elementary,E,KI-5 ,Y-R,N/A,933,165,145,161,153,137,172,,,,,,,,474,459,1,114,44,151,,40,583,0.1%,12.2%,4.7%,16.2%,0.0%,4.3%,62.5%,178,19.1%,121,13.0%,130,13.9%,NO,88.9%,Dst,Hgh,No,Southern Wake,Mr. Ron Margiotta,Southwestern Area,Ms. Julye Mizelle,Apex,APEX,37,933,37,756,14,"1,115",28.9%,83.7%
554,Sanford Creek Elementary,E,KI-5 ,Y-R,N/A,640,99,103,102,115,130,91,,,,,,,,310,330,,22,111,57,1,41,408,0.0%,3.4%,17.3%,8.9%,0.2%,6.4%,63.8%,132,20.6%,31,4.8%,43,6.7%,NO,79.2%,Pro,Hgh,No,Northeast Wake,Mr. Chris Malone,Northeastern Area,Mr. Andre Smith,Rolesville,ROLESVILLE,40,640,-9,774,0,765,0.0%,83.7%
560,Smith Elementary,E,PK-5 ,T,International Baccalaureate PYP ,560,97,88,94,92,101,88,,,,,,,,276,284,,3,275,175,,22,85,0.0%,0.5%,49.1%,31.3%,0.0%,3.9%,15.2%,382,68.2%,51,9.1%,103,18.4%,YES,61.8%,Pro,Exp,Yes,Southeast Wake,Mr. John Tedesco,Southern Area,Mr. Lloyd Gardner,Garner,WAKE COUNTY,51,560,-167,868,0,701,0.0%,79.9%
564,Stough Elementary,E,KI-5 ,T,N/A,576,125,82,117,72,102,78,,,,,,,,293,283,4,30,177,121,,36,208,0.7%,5.2%,30.7%,21.0%,0.0%,6.3%,36.1%,241,41.8%,57,9.9%,78,13.5%,YES,70.9%,Pro,Exp,Yes,West Raleigh/Morrisville,Ms. Deborah Prickett,Northern Area,Ms. Ann Hooker,Raleigh,RALEIGH,29,576,-78,402,10,554,41.5%,104.0%
568,Swift Creek Elementary,E,KI-5 ,T,N/A,514,85,76,105,65,90,93,,,,,,,,261,253,2,23,98,80,,22,289,0.4%,4.5%,19.1%,15.6%,0.0%,4.3%,56.2%,163,31.7%,32,6.2%,52,10.1%,NO,84.7%,Dst,Hgh,Yes,South Central Raleigh,Dr. Anne McLaurin,Southwestern Area,Ms. Julye Mizelle,Wake County,WAKE COUNTY,31,514,28,448,2,522,8.8%,98.5%
569,Sycamore Creek Elementary,E,KI-5 ,Y-R,N/A,995,229,172,157,156,168,113,,,,,,,,504,491,3,46,84,87,,39,736,0.3%,4.6%,8.4%,8.7%,0.0%,3.9%,74.0%,128,12.9%,45,4.5%,63,6.3%,NO,86.6%,Dst,Exp,Yes,West Raleigh/Morrisville,Ms. Deborah Prickett,Northern Area,Ms. Ann Hooker,Raleigh,RALEIGH,51,995,0,"1,078",0,"1,078",0.0%,92.3%
570,Timber Drive Elementary,E,KI-5 ,Y-R,N/A,766,120,113,131,136,126,140,,,,,,,,389,377,3,10,246,134,1,48,324,0.4%,1.3%,32.1%,17.5%,0.1%,6.3%,42.3%,367,47.9%,47,6.1%,101,13.2%,YES,69.1%,Pro,Hgh,Yes,Southeast Wake,Mr. John Tedesco,Southern Area,Mr. Lloyd Gardner,Garner,GARNER,36,766,-29,682,9,860,24.1%,89.1%
571,Turner Creek Elementary,E,KI-5 ,Y-R,N/A,951,144,152,179,155,155,166,,,,,,,,471,480,4,121,100,71,1,34,620,0.4%,12.7%,10.5%,7.5%,0.1%,3.6%,65.2%,158,16.6%,28,2.9%,60,6.3%,NO,88.8%,Dst,Hgh,Yes,Southern Wake,Mr. Ron Margiotta,Southern Area,Mr. Lloyd Gardner,Cary,CARY,38,951,88,779,8,"1,051",17.5%,90.5%
572,Underwood Elementary,E,KI-5 ,T,Gifted & Talented,469,56,83,79,96,69,86,,,,,,,,215,254,1,18,82,61,,25,282,0.2%,3.8%,17.5%,13.0%,0.0%,5.3%,60.1%,124,26.4%,30,6.4%,44,9.4%,NO,78.5%,Pro,Exp,Yes,South Central Raleigh,Dr. Anne McLaurin,Central Area,Ms. Cathy Moore ,Raleigh,RALEIGH,33,469,51,435,0,486,0.0%,96.5%
576,Vance Elementary,E,KI-5 ,Y-R,N/A,602,107,89,108,109,83,106,,,,,,,,319,283,5,12,86,113,,20,366,0.8%,2.0%,14.3%,18.8%,0.0%,3.3%,60.8%,193,32.1%,29,4.8%,65,10.8%,NO,80.4%,Dst,Hgh,Yes,Southeast Wake,Mr. John Tedesco,Southern Area,Mr. Lloyd Gardner,Wake County,WAKE COUNTY,28,602,19,498,6,655,21.1%,91.9%
580,Vandora Springs Elementary,E,KI-5 ,T,N/A,553,96,80,85,96,112,84,,,,,,,,273,280,1,5,218,95,,31,203,0.2%,0.9%,39.4%,17.2%,0.0%,5.6%,36.7%,255,46.1%,28,5.1%,54,9.8%,YES,76.8%,Pro,Hgh,Yes,Southeast Wake,Mr. John Tedesco,Southern Area,Mr. Lloyd Gardner,Garner,GARNER,34,553,-18,517,5,614,18.7%,90.1%
584,Wake Forest Elementary,E,KI-5 ,T,N/A,647,98,102,101,110,110,126,,,,,,,,324,323,3,15,125,57,1,35,411,0.5%,2.3%,19.3%,8.8%,0.2%,5.4%,63.5%,233,36.0%,13,2.0%,26,4.0%,YES,82.1%,Dst,Hgh,Yes,Northeast Wake,Mr. Chris Malone,Northeastern Area,Mr. Andre Smith,Wake Forest,WAKE FOREST,40,647,-9,655,0,646,0.0%,100.2%
593,Wakefield Elementary,E,KI-5 ,Y-R,N/A,762,128,105,138,126,146,119,,,,,,,,389,373,4,50,155,150,1,27,375,0.5%,6.6%,20.3%,19.7%,0.1%,3.5%,49.2%,247,32.4%,84,11.0%,113,14.8%,YES,74.7%,Pro,Exp,No,North Raleigh,Mr. Kevin L. Hill,Northeastern Area,Mr. Andre Smith,Raleigh,RALEIGH,36,762,5,733,11,991,25.5%,76.9%
597,Wakelon Elementary ,E,KI-5 ,T,N/A,524,85,74,106,86,95,78,,,,,,,,272,252,3,4,221,128,,20,148,0.6%,0.8%,42.2%,24.4%,0.0%,3.8%,28.2%,370,70.6%,46,8.8%,78,14.9%,YES,60.9%,Pro,Exp,Yes,Northeast Wake,Mr. Chris Malone,Eastern Area,Mr. Danny Barnes,Zebulon,ZEBULON,46,524,-27,685,0,658,0.0%,79.6%
596,Washington Elementary,E,KI-5 ,T,Gifted & Talented,549,84,89,90,87,95,104,,,,,,,,291,258,3,146,137,65,2,13,183,0.5%,26.6%,25.0%,11.8%,0.4%,2.4%,33.3%,162,29.5%,28,5.1%,45,8.2%,YES,80.4%,Dst,Hgh,No,East Raleigh,Mr. Keith Sutton,Central Area,Ms. Cathy Moore ,Raleigh,RALEIGH,39,549,-34,546,0,512,0.0%,107.2%
598,Weatherstone Elementary,E,KI-5 ,T,N/A,641,84,89,109,102,122,135,,,,,,,,305,336,1,68,130,103,,25,314,0.2%,10.6%,20.3%,16.1%,0.0%,3.9%,49.0%,211,32.9%,84,13.1%,97,15.1%,NO,85.1%,Dst,Hgh,Yes,Western Wake,Ms. Debra Goldman,Central Area,Ms. Cathy Moore,Cary,CARY,36,641,28,563,13,890,33.6%,72.0%
600,Wendell Elementary,E,KI-5 ,T,Creative Arts & Science,436,67,59,65,85,70,90,,,,,,,,226,210,7,8,122,99,,28,172,1.6%,1.8%,28.0%,22.7%,0.0%,6.4%,39.4%,231,53.0%,50,11.5%,62,14.2%,YES,66.3%,Pro,Hgh,Yes,Northeast Wake,Mr. Chris Malone,Eastern Area,Mr. Danny Barnes,Wendell,WENDELL,35,436,37,469,2,552,8.3%,79.0%
606,West Lake Elementary,E,KI-5 ,Y-R,N/A,827,138,122,139,142,152,134,,,,,,,,425,402,2,22,59,163,,37,544,0.2%,2.7%,7.1%,19.7%,0.0%,4.5%,65.8%,193,23.3%,71,8.6%,105,12.7%,NO,82.1%,Dst,Hgh,No,Southeast Wake,Mr. John Tedesco,Southwestern Area,Ms. Julye Mizelle,Cary,CARY,35,827,0,659,13,958,31.2%,86.3%
616,Wilburn Elementary,E,KI-5 ,Y-R,N/A,629,98,96,106,106,104,119,,,,,,,,301,328,2,32,298,145,1,35,116,0.3%,5.1%,47.4%,23.1%,0.2%,5.6%,18.4%,383,60.9%,44,7.0%,90,14.3%,YES,53.9%,Pri,Not Met,No,East Raleigh,Mr. Keith Sutton,Northeastern Area,Mr. Andre Smith,Raleigh,RALEIGH,51,629,-410,"1,078",40,737,100.0%,85.3%
618,Wildwood Forest Elementary,E,KI-5 ,T,N/A,736,123,117,124,133,121,118,,,,,,,,388,348,4,50,309,92,,32,249,0.5%,6.8%,42.0%,12.5%,0.0%,4.3%,33.8%,285,38.7%,25,3.4%,55,7.5%,YES,80.3%,Dst,Hgh,Yes,North Raleigh,Mr. Kevin L. Hill,Northeastern Area,Mr. Andre Smith,Raleigh,RALEIGH,38,736,-55,609,10,784,29.3%,93.9%
620,Wiley Elementary,E,KI-5 ,T,International Studies,465,76,74,99,71,76,69,,,,,,,,221,244,,32,105,53,,31,244,0.0%,6.9%,22.6%,11.4%,0.0%,6.7%,52.5%,127,27.3%,18,3.9%,37,8.0%,NO,82.6%,Dst,Hgh,No,South Central Raleigh,Dr. Anne McLaurin,Central Area,Ms. Cathy Moore ,Raleigh,RALEIGH,30,465,-11,417,0,406,0.0%,114.5%
624,Willow Springs Elementary,E,KI-5 ,Y-R,N/A,911,169,140,155,144,153,150,,,,,,,,469,442,4,8,69,145,2,54,629,0.4%,0.9%,7.6%,15.9%,0.2%,5.9%,69.0%,293,32.2%,32,3.5%,61,6.7%,NO,87.8%,Dst,Hgh,Yes,Southeast Wake,Mr. John Tedesco,Southern Area,Mr. Lloyd Gardner,Wake County,WAKE COUNTY,32,911,104,641,16,"1,113",33.1%,81.9%
626,Yates Mill Elementary,E,KI-5 ,T,N/A,555,106,84,82,87,86,110,,,,,,,,276,279,2,10,58,151,1,19,314,0.4%,1.8%,10.5%,27.2%,0.2%,3.4%,56.6%,221,39.8%,56,10.1%,113,20.4%,YES,73.2%,Pro,Exp,No,South Central Raleigh,Dr. Anne McLaurin,Southwestern Area,Ms. Julye Mizelle,Wake County,WAKE COUNTY,37,555,-64,586,0,522,0.0%,106.3%
628,York Elementary,E,KI-5 ,T,N/A,432,88,81,70,76,57,60,,,,,,,,203,229,1,5,127,95,2,17,185,0.2%,1.2%,29.4%,22.0%,0.5%,3.9%,42.8%,220,50.9%,17,3.9%,58,13.4%,YES,78.9%,Pro,Hgh,Yes,West Raleigh/Morrisville,Ms. Deborah Prickett,Northern Area,Ms. Ann Hooker,Raleigh,RALEIGH,33,432,14,494,4,600,15.3%,72.0%
632,Zebulon Elementary,E,KI-5 ,T,Gifted & Talented,488,79,70,92,87,80,80,,,,,,,,228,260,3,3,131,124,,26,201,0.6%,0.6%,26.8%,25.4%,0.0%,5.3%,41.2%,287,58.8%,54,11.1%,82,16.8%,YES,68.3%,Pro,Exp,No,Northeast Wake,Mr. Chris Malone,Eastern Area,Mr. Danny Barnes,Zebulon,ZEBULON,40,488,-50,569,4,611,15.1%,79.9%
312,Apex Middle ,M,06-8 ,T,N/A,1054,,,,,,,312,397,345,,,,,529,525,5,39,129,129,,56,696,0.5%,3.7%,12.2%,12.2%,0.0%,5.3%,66.0%,241,22.9%,26,2.5%,37,3.5%,NO,91.1%,HE,Hgh,Yes,Southern Wake,Mr. Ron Margiotta,Southwestern Area,Ms. Julye Mizelle,Apex,APEX,63,"1,054",85,"1,059",0,"1,144",0.0%,92.1%
356,Carnage Middle,M,06-8 ,T,Gifted & Talented/AG Basics,1131,,,,,,,392,407,332,,,,,603,528,5,233,469,136,1,52,235,0.4%,20.6%,41.5%,12.0%,0.1%,4.6%,20.8%,455,40.2%,29,2.6%,68,6.0%,NO,79.4%,Pro,Exp,No,East Raleigh,Mr. Keith Sutton,Central Area,Ms. Cathy Moore ,Raleigh,RALEIGH,60,"1,131",0,877,7,"1,059",17.2%,106.8%
360,Carroll Middle,M,06-8 ,T,N/A,692,,,,,,,221,222,249,,,,,374,318,3,15,270,112,,37,255,0.4%,2.2%,39.0%,16.2%,0.0%,5.3%,36.8%,366,52.9%,27,3.9%,42,6.1%,NO,69.3%,Pro,Exp,No,Central Raleigh,Dr. Carolyn Morrison,Northern Area,Ms. Ann Hooker,Raleigh,RALEIGH,54,692,43,825,0,868,0.0%,79.7%
370,Centennial Campus Middle,M,06-8 ,MOD,University Connections and Leadership,601,,,,,,,206,194,201,,,,,297,304,1,25,209,105,2,31,228,0.2%,4.2%,34.8%,17.5%,0.3%,5.2%,37.9%,218,36.3%,29,4.8%,60,10.0%,NO,73.9%,Pro,Exp,No,South Central Raleigh,Dr. Anne McLaurin,Central Area,Ms. Cathy Moore ,Raleigh,RALEIGH,42,601,0,624,0,624,0.0%,96.3%
388,Daniels Middle,M,06-8 ,T,N/A,1087,,,,,,,340,346,401,,,,,526,561,4,50,262,134,1,38,598,0.4%,4.6%,24.1%,12.3%,0.1%,3.5%,55.0%,360,33.1%,32,2.9%,76,7.0%,NO,81.8%,Dst,Exp,No,Central Raleigh,Dr. Carolyn Morrison,Central Area,Ms. Cathy Moore ,Raleigh,RALEIGH,66,"1,087",51,"1,137",6,"1,344",11.6%,80.9%
391,Davis Drive Middle,M,06-8 ,T,N/A,1186,,,,,,,412,378,396,,,,,605,581,2,207,125,106,4,39,703,0.2%,17.5%,10.5%,8.9%,0.3%,3.3%,59.3%,208,17.5%,30,2.5%,52,4.4%,NO,91.0%,Exc,Hgh,No,Southern Wake,Mr. Ron Margiotta,Southern Area,Mr. Lloyd Gardner,Cary,CARY,56,"1,186",29,877,10,"1,166",22.3%,101.7%
394,Dillard Drive Middle,M,06-8 ,T,N/A,1170,,,,,,,406,399,365,,,,,588,582,3,42,295,172,,44,614,0.3%,3.6%,25.2%,14.7%,0.0%,3.8%,52.5%,437,37.4%,29,2.5%,75,6.4%,NO,77.9%,Pro,Exp,No,South Central Raleigh,Dr. Anne McLaurin,Southwestern Area,Ms. Julye Mizelle,Raleigh,RALEIGH,62,"1,170",-10,"1,033",6,"1,179",13.2%,99.2%
399,Durant Road Middle,M,06-8 ,Y-R,N/A,1371,,,,,,,500,434,437,,,,,711,660,9,52,373,164,,62,711,0.7%,3.8%,27.2%,12.0%,0.0%,4.5%,51.9%,437,31.9%,33,2.4%,76,5.5%,NO,78.9%,Pro,Exp,No,North Raleigh,Mr. Kevin L. Hill,Northeastern Area,Mr. Andre Smith,Raleigh,RALEIGH,62,"1,371",-31,"1,345",11,"1,600",17.9%,85.7%
402,East Cary Middle,M,06-8 ,Y-R,N/A,810,,,,,,,270,313,227,,,,,417,393,2,103,112,111,,51,431,0.2%,12.7%,13.8%,13.7%,0.0%,6.3%,53.2%,187,23.1%,16,2.0%,44,5.4%,NO,87.4%,Dst,Hgh,Yes,Western Wake,Ms. Debra Goldman,Eastern Area,Mr. Danny Barnes,Cary,CARY,60,810,0,"1,293",0,"1,293",0.0%,62.6%
404,East Garner Middle,M,06-8 ,T,International Baccalaureate - Middle,1157,,,,,,,409,364,384,,,,,583,574,10,12,584,222,8,62,259,0.9%,1.0%,50.5%,19.2%,0.7%,5.4%,22.4%,636,55.0%,43,3.7%,74,6.4%,NO,67.7%,Pro,Hgh,No,Southeast Wake,Mr. John Tedesco,Southern Area,Mr. Lloyd Gardner,Garner,GARNER,57,"1,157",3,825,21,"1,374",39.7%,84.2%
408,East Millbrook Middle,M,06-8 ,T,International Baccalaureate-Middle/Creative Arts,1163,,,,,,,393,398,372,,,,,538,625,4,41,619,204,1,70,224,0.3%,3.5%,53.2%,17.5%,0.1%,6.0%,19.3%,650,55.9%,54,4.6%,106,9.1%,NO,66.0%,NR,Not Met,No,North Raleigh,Mr. Kevin L. Hill,Northeastern Area,Mr. Andre Smith,Raleigh,RALEIGH,63,"1,163",-107,929,18,"1,290",36.3%,90.2%
410,East Wake Middle,M,06-8 ,Y-R,N/A,970,,,,,,,306,320,344,,,,,490,480,6,14,383,271,,39,257,0.6%,1.4%,39.5%,27.9%,0.0%,4.0%,26.5%,571,58.9%,34,3.5%,103,10.6%,NO,70.3%,Pro,Exp,No,Northeast Wake,Mr. Chris Malone,Eastern Area,Mr. Danny Barnes,Knightdale,KNIGHTDALE,54,970,-96,"1,137",12,"1,353",23.1%,71.7%
424,Fuquay-Varina Middle ,M,06-8 ,T,N/A,894,,,,,,,294,303,297,,,,,452,442,5,8,199,153,,37,492,0.6%,0.9%,22.3%,17.1%,0.0%,4.1%,55.0%,351,39.3%,9,1.0%,34,3.8%,NO,79.9%,Pro,Hgh,No,Southeast Wake,Mr. John Tedesco,Southern Area,Mr. Lloyd Gardner,Fuquay-Varina,FUQUAY-VARINA,57,894,25,903,0,928,0.0%,96.3%
444,Heritage Middle,M,06-8 ,Y-R,N/A,1392,,,,,,,485,463,444,,,,,706,686,16,36,263,69,1,58,949,1.1%,2.6%,18.9%,5.0%,0.1%,4.2%,68.2%,254,18.2%,15,1.1%,31,2.2%,NO,89.1%,Dst,Hgh,Yes,Northeast Wake,Mr. Chris Malone,Northeastern Area,Mr. Andre Smith,Wake Forest,WAKE FOREST,60,"1,392",-36,"1,293",0,"1,257",0.0%,110.7%
458,Holly Grove Middle,M,,Y-R,N/A,947,,,,,,,378,314,255,,,,,500,447,1,8,138,159,1,41,599,0.1%,0.8%,14.6%,16.8%,0.1%,4.3%,63.3%,251,26.5%,32,3.4%,54,5.7%,,0.0%,,,,Southern Wake,Mr. Ron Margiotta,Southern Area,Mr. Lloyd Gardner,,,94,947,0,"1,623",0,"1,623",0.0%,58.3%
450,Holly Ridge Middle,M,06-8 ,T,N/A,1017,,,,,,,306,349,362,,,,,516,501,5,21,198,134,1,50,608,0.5%,2.1%,19.5%,13.2%,0.1%,4.9%,59.8%,279,27.4%,17,1.7%,29,2.9%,NO,82.6%,Dst,Exp,No,Southern Wake,Mr. Ron Margiotta,Southern Area,Mr. Lloyd Gardner,Holly Springs,HOLLY SPRINGS,57,"1,017",16,903,14,"1,283",28.4%,79.3%
471,Leesville Road Middle,M,06-8 ,T,N/A,1344,,,,,,,450,455,439,,,,,704,640,7,63,369,169,2,65,669,0.5%,4.7%,27.5%,12.6%,0.1%,4.8%,49.8%,442,32.9%,31,2.3%,80,6.0%,NO,78.9%,Pro,Exp,No,West Raleigh/Morrisville,Ms. Deborah Prickett,Northern Area,Ms. Ann Hooker,Raleigh,RALEIGH,53,"1,344",0,799,16,"1,215",34.2%,110.6%
472,Ligon Middle,M,06-8 ,T,Gifted & Talented/AG Basics,1099,,,,,,,375,357,367,,,,,522,577,3,128,396,61,1,41,469,0.3%,11.6%,36.0%,5.6%,0.1%,3.7%,42.7%,362,32.9%,9,0.8%,31,2.8%,NO,83.9%,Dst,Hgh,No,East Raleigh,Mr. Keith Sutton,Central Area,Ms. Cathy Moore ,Raleigh,RALEIGH,64,"1,099",0,981,3,"1,059",7.4%,103.8%
484,Lufkin Road Middle,M,06-8 ,Y-R,N/A,1044,,,,,,,353,331,360,,,,,551,493,5,43,146,70,2,30,748,0.5%,4.1%,14.0%,6.7%,0.2%,2.9%,71.6%,155,14.8%,19,1.8%,31,3.0%,NO,91.8%,HE,Hgh,Yes,Southern Wake,Mr. Ron Margiotta,Southwestern Area,Ms. Julye Mizelle,Apex,APEX,57,"1,044",20,"1,215",0,"1,235",0.0%,84.5%
492,Martin Middle,M,06-8 ,T,Gifted & Talented,1020,,,,,,,323,358,339,,,,,477,543,7,84,204,106,,56,563,0.7%,8.2%,20.0%,10.4%,0.0%,5.5%,55.2%,295,28.9%,34,3.3%,74,7.3%,NO,81.9%,Dst,Exp,No,Central Raleigh,Dr. Carolyn Morrison,Central Area,Ms. Cathy Moore ,Raleigh,RALEIGH,64,"1,020",-17,981,3,"1,042",7.5%,97.9%
502,Mills Park Middle,M,,T,N/A,1101,,,,,,,417,354,330,,,,,546,555,4,178,163,89,,46,621,0.4%,16.2%,14.8%,8.1%,0.0%,4.2%,56.4%,146,13.3%,14,1.3%,32,2.9%,,0.0%,,,,Southern Wake,Mr. Ron Margiotta,Southwestern Area,Ms. Julye Mizelle,Cary,Cary,82,"1,101",0,"1,311",0,"1,311",0.0%,84.0%
506,Moore Square Middle,M,06-8 ,MOD,Museums,506,,,,,,,177,168,161,,,,,245,261,,5,245,73,,19,164,0.0%,1.0%,48.4%,14.4%,0.0%,3.8%,32.4%,248,49.0%,21,4.2%,42,8.3%,NO,62.2%,Pro,Exp,No,East Raleigh,Mr. Keith Sutton,Central Area,Ms. Cathy Moore ,Raleigh,RALEIGH,37,506,-70,651,0,581,0.0%,87.1%
512,North Garner Middle,M,06-8 ,Y-R,N/A,1076,,,,,,,328,364,384,,,,,531,545,7,11,378,174,,44,462,0.7%,1.0%,35.1%,16.2%,0.0%,4.1%,42.9%,487,45.3%,39,3.6%,58,5.4%,NO,73.3%,Pro,Hgh,No,Southeast Wake,Mr. John Tedesco,Southern Area,Mr. Lloyd Gardner,Garner,GARNER,56,"1,076",-1,"1,189",5,"1,318",9.9%,81.6%
400,Reedy Creek Middle,M,06-8 ,T,N/A,888,,,,,,,302,319,267,,,,,489,399,3,62,197,157,1,62,406,0.3%,7.0%,22.2%,17.7%,0.1%,7.0%,45.7%,370,41.7%,21,2.4%,76,8.6%,NO,80.1%,Dst,Hgh,No,Central Raleigh,Dr. Carolyn Morrison,Central Area,Ms. Cathy Moore,Cary,CARY,57,888,64,903,0,967,0.0%,91.8%
551,Salem Middle,M,06-8 ,Y-R,N/A,1096,,,,,,,373,351,372,,,,,559,537,2,123,129,105,3,59,675,0.2%,11.2%,11.8%,9.6%,0.3%,5.4%,61.6%,174,15.9%,17,1.6%,35,3.2%,NO,94.2%,HE,Hgh,Yes,Southern Wake,Mr. Ron Margiotta,Southwestern Area,Ms. Julye Mizelle,Apex,APEX,57,"1,096",38,"1,215",2,"1,305",4.0%,84.0%
592,Wake Forest-Rolesville Middle,M,06-8 ,T,N/A,1151,,,,,,,343,394,414,,,,,595,556,9,57,343,172,3,56,511,0.8%,5.0%,29.8%,14.9%,0.3%,4.9%,44.4%,462,40.1%,31,2.7%,72,6.3%,NO,77.3%,Pro,Hgh,No,Northeast Wake,Mr. Chris Malone,Northeastern Area,Mr. Andre Smith,Wake Forest,WAKE FOREST,55,"1,151",0,851,13,"1,189",28.4%,96.8%
594,Wakefield Middle,M,06-8 ,T,N/A,1201,,,,,,,420,375,406,,,,,600,601,3,70,236,124,,35,733,0.2%,5.8%,19.7%,10.3%,0.0%,2.9%,61.0%,265,22.1%,19,1.6%,63,5.2%,NO,84.2%,Dst,Hgh,No,North Raleigh,Mr. Kevin L. Hill,Northeastern Area,Mr. Andre Smith,Raleigh,RALEIGH,57,"1,201",29,903,13,"1,270",26.6%,94.6%
601,Wendell Middle,M,06-8 ,T,N/A,945,,,,,,,345,320,280,,,,,470,475,5,13,334,194,2,63,334,0.5%,1.4%,35.3%,20.5%,0.2%,6.7%,35.3%,517,54.7%,11,1.2%,55,5.8%,NO,72.7%,Pro,Exp,No,Northeast Wake,Mr. Chris Malone,Eastern Area,Mr. Danny Barnes,WAKE COUNTY,WAKE COUNTY,60,945,189,981,0,"1,170",0.0%,80.8%
604,West Cary Middle,M,06-8 ,T,N/A,702,,,,,,,219,224,259,,,,,343,359,3,121,120,59,4,35,360,0.4%,17.2%,17.1%,8.4%,0.6%,5.0%,51.3%,158,22.5%,18,2.6%,39,5.6%,NO,84.3%,Dst,Exp,No,Western Wake,Ms. Debra Goldman,Central Area,Ms. Cathy Moore,Cary,CARY,56,702,137,877,6,"1,170",13.3%,60.0%
607,West Lake Middle,M,06-8 ,Y-R,N/A,1251,,,,,,,452,404,395,,,,,634,617,12,26,191,150,1,55,816,1.0%,2.1%,15.3%,12.0%,0.1%,4.4%,65.2%,266,21.3%,16,1.3%,42,3.4%,NO,85.7%,Dst,Hgh,No,Southeast Wake,Mr. John Tedesco,Southwestern Area,Ms. Julye Mizelle,Cary,CARY,56,"1,251",-75,"1,189",12,"1,426",21.9%,87.7%
608,West Millbrook Middle,M,06-8 ,T,N/A,966,,,,,,,322,328,316,,,,,517,449,2,30,244,157,,32,501,0.2%,3.1%,25.3%,16.3%,0.0%,3.3%,51.9%,374,38.7%,60,6.2%,88,9.1%,NO,77.2%,Pro,Exp,No,North Raleigh,Mr. Kevin L. Hill,Northern Area,Ms. Ann Hooker,Raleigh,RALEIGH,59,966,-23,955,8,"1,140",18.2%,84.7%
636,Zebulon Middle,M,06-8 ,T,Gifted & Talented,577,,,,,,,193,195,189,,,,,303,274,7,5,236,106,,29,194,1.2%,0.9%,40.9%,18.4%,0.0%,5.0%,33.6%,345,59.8%,15,2.6%,47,8.1%,NO,74.9%,Pro,Hgh,Yes,Northeast Wake,Mr. Chris Malone,Eastern Area,Mr. Danny Barnes,Zebulon,ZEBULON,58,577,68,825,4,997,10.4%,57.9%
316,Apex High,S,09-12,T,N/A,2341,,,,,,,,,,599,621,568,553,"1,233","1,108",11,131,163,199,1,91,"1,745",0.5%,5.6%,7.0%,8.5%,0.0%,3.9%,74.5%,220,9.4%,34,1.5%,49,2.1%,NO,93.9%,Exc,Hgh,No,Southern Wake,Mr. Ron Margiotta,Southwestern Area,Ms. Julye Mizelle,Apex,APEX,82,"2,341",0,"1,639",35,"2,479",33.9%,94.4%
318,Athens Drive High ,S,09-12,T,N/A,1927,,,,,,,,,,611,467,426,423,982,945,11,117,467,220,3,88,"1,021",0.6%,6.1%,24.2%,11.4%,0.2%,4.6%,53.0%,575,29.8%,59,3.1%,145,7.5%,NO,84.3%,Dst,Hgh,No,South Central Raleigh,Dr. Anne McLaurin,Central Area,Ms. Cathy Moore ,Raleigh,RALEIGH,86,"1,927",-84,"1,735",15,"2,011",17.9%,95.8%
348,Broughton High,S,09-12,T,N/A,2174,,,,,,,,,,610,566,512,486,"1,104","1,070",12,92,637,215,4,92,"1,122",0.6%,4.2%,29.3%,9.9%,0.2%,4.2%,51.6%,655,30.1%,93,4.3%,129,5.9%,NO,84.6%,Dst,Hgh,No,South Central Raleigh,Dr. Anne McLaurin,Central Area,Ms. Cathy Moore ,Raleigh,RALEIGH,89,"2,174",0,"1,799",12,"2,087",13.8%,104.2%
368,Cary High,S,09-12,T,N/A,2250,,,,,,,,,,654,601,564,431,"1,204","1,046",15,126,387,379,2,110,"1,231",0.7%,5.6%,17.2%,16.8%,0.1%,4.9%,54.7%,650,28.9%,71,3.2%,157,7.0%,NO,89.6%,Dst,Hgh,No,Western Wake,Ms. Debra Goldman,Northeastern Area,Mr. Andre Smith,Cary,CARY,111,"2,250",-25,"2,223",0,"2,198",0.0%,102.4%
700,East Wake High School of Health Science,S,09-12,T,N/A,369,,,,,,,,,,106,101,85,77,135,234,4,2,140,56,4,7,156,1.1%,0.5%,37.9%,15.2%,1.1%,1.9%,42.3%,165,44.7%,10,2.7%,26,7.0%,NO,70.3%,NR,Not Met,No,Northeast Wake,Mr. Chris Malone,Eastern Area,Mr. Danny Barnes,Wake County,WAKE COUNTY,20,369,-12,310,4,394,24.4%,93.7%
702,"East Wake School of Arts, Education and Global Studies",S,09-12,T,N/A,401,,,,,,,,,,126,92,90,93,150,251,2,3,163,75,,12,146,0.5%,0.7%,40.6%,18.7%,0.0%,3.0%,36.4%,208,51.9%,12,3.0%,34,8.5%,NO,70.8%,NR,Not Met,Yes,Northeast Wake,Mr. Chris Malone,Eastern Area,Mr. Danny Barnes,Wake County,WAKE COUNTY,21,401,-69,440,2,419,11.5%,95.7%
703,East Wake School of Engineering Systems,S,09-12,T,N/A,374,,,,,,,,,,122,80,95,77,293,81,2,1,116,55,,12,188,0.5%,0.3%,31.0%,14.7%,0.0%,3.2%,50.3%,153,40.9%,7,1.9%,14,3.7%,NO,73.4%,Pro,Exp,No,Northeast Wake,Mr. Chris Malone,Eastern Area,Mr. Danny Barnes,Wake County,WAKE COUNTY,20,374,-39,423,1,408,5.9%,91.7%
701,East Wake School of Integrated Technology,S,09-12,T,N/A,326,,,,,,,,,,106,73,76,71,188,138,1,3,158,72,1,11,80,0.3%,0.9%,48.5%,22.1%,0.3%,3.4%,24.5%,194,59.5%,7,2.1%,25,7.7%,NO,63.6%,NR,Not Met,No,Northeast Wake,Mr. Chris Malone,Eastern Area,Mr. Danny Barnes,Wake County,WAKE COUNTY,21,326,-12,448,0,436,0.0%,74.8%
412,Enloe High,S,09-12,T,"GT/IB Center for Humanities, Sciences & the Arts",2669,,,,,,,,,,832,627,564,646,"1,334","1,335",4,322,"1,033",252,2,139,917,0.1%,12.1%,38.7%,9.4%,0.1%,5.2%,34.4%,876,32.8%,59,2.2%,98,3.7%,NO,77.5%,Pro,Hgh,No,East Raleigh,Mr. Keith Sutton,Central Area,Ms. Cathy Moore ,Raleigh,RALEIGH,118,"2,669",0,"2,409",8,"2,601",7.4%,102.6%
428,Fuquay-Varina High ,S,09-12,T,N/A,1968,,,,,,,,,,566,501,502,399,"1,003",965,10,22,331,293,3,74,"1,235",0.5%,1.1%,16.8%,14.9%,0.2%,3.8%,62.8%,484,24.6%,26,1.3%,64,3.3%,NO,84.9%,Dst,Hgh,No,Southeast Wake,Mr. John Tedesco,Southern Area,Mr. Lloyd Gardner,Fuquay-Varina,FUQUAY-VARINA,82,"1,968",-12,"1,639",23,"2,179",25.3%,90.3%
436,Garner High ,S,09-12,T,International Baccalaureate - High,2297,,,,,,,,,,716,631,486,464,"1,209","1,088",11,30,891,381,,118,866,0.5%,1.3%,38.8%,16.6%,0.0%,5.1%,37.7%,867,37.7%,54,2.4%,100,4.4%,NO,77.8%,NR,Not Met,No,Southeast Wake,Mr. John Tedesco,Southern Area,Mr. Lloyd Gardner,Garner,GARNER,86,"2,297",-387,"1,727",40,"2,300",41.7%,99.9%
441,Green Hope High,S,09-12,T,N/A,2029,,,,,,,,,,525,503,515,486,"1,037",992,3,356,104,112,5,71,"1,378",0.1%,17.5%,5.1%,5.5%,0.2%,3.5%,67.9%,126,6.2%,37,1.8%,46,2.3%,NO,95.5%,Exc,Hgh,No,West Raleigh/Morrisville,Ms. Deborah Prickett,Northern Area,Ms. Ann Hooker,Cary,CARY,82,"2,029",42,"1,639",17,"2,089",19.5%,97.1%
445,Heritage High,S,,T,N/A,814,,,,,,,,,,501,313,,,429,385,4,18,227,138,1,35,391,0.5%,2.2%,27.9%,17.0%,0.1%,4.3%,48.0%,265,32.6%,31,3.8%,52,6.4%,,0.0%,,,,Northeast Wake,Mr. Chris Malone,Northeastern Area,Mr. Andre Smith,,,83,814,0,"1,663",0,"1,663",0.0%,48.9%
455,Holly Springs High,S,09-12,T,N/A,2000,,,,,,,,,,616,522,434,428,"1,059",941,12,50,342,240,2,82,"1,272",0.6%,2.5%,17.1%,12.0%,0.1%,4.1%,63.6%,399,20.0%,33,1.7%,63,3.2%,NO,90.0%,Exc,Hgh,No,Southern Wake,Mr. Ron Margiotta,Southern Area,Mr. Lloyd Gardner,Holly Springs,HOLLY SPRINGS,83,"2,000",60,"1,663",8,"1,915",10.0%,104.4%
466,Knightdale High,S,09-12,T,N/A,1763,,,,,,,,,,493,441,466,363,927,836,9,38,792,322,3,96,503,0.5%,2.2%,44.9%,18.3%,0.2%,5.4%,28.5%,713,40.4%,41,2.3%,130,7.4%,NO,72.3%,Pro,Exp,No,Northeast Wake,Mr. Chris Malone,Eastern Area,Mr. Danny Barnes,Knightdale,KNIGHTDALE,83,"1,763",-21,"1,663",16,"2,026",19.0%,87.0%
473,Leesville Road High,S,09-12,T,N/A,2408,,,,,,,,,,684,598,553,573,"1,213","1,195",10,136,484,219,2,119,"1,438",0.4%,5.6%,20.1%,9.1%,0.1%,4.9%,59.7%,436,18.1%,55,2.3%,95,3.9%,NO,88.5%,Dst,Hgh,No,West Raleigh/Morrisville,Ms. Deborah Prickett,Northern Area,Ms. Ann Hooker,Raleigh,RALEIGH,104,"2,408",0,"2,051",12,"2,339",14.1%,102.9%
495,Middle Creek High,S,09-12,T,N/A,1814,,,,,,,,,,570,448,426,370,936,878,13,36,466,258,2,87,952,0.7%,2.0%,25.7%,14.2%,0.1%,4.8%,52.5%,549,30.3%,39,2.1%,88,4.9%,NO,83.9%,Dst,Hgh,No,South Central Raleigh,Dr. Anne McLaurin,Southwestern Area,Ms. Julye Mizelle,Cary,CARY,82,"1,814",9,"1,639",18,"2,080",20.8%,87.2%
500,Millbrook High ,S,09-12,T,International Baccalaureate - High,2443,,,,,,,,,,785,517,574,567,"1,264","1,179",9,103,801,355,4,103,"1,068",0.4%,4.2%,32.8%,14.5%,0.2%,4.2%,43.7%,772,31.6%,73,3.0%,152,6.2%,NO,80.5%,Dst,Hgh,No,North Raleigh,Mr. Kevin L. Hill,Northern Area,Ms. Ann Hooker,Raleigh,RALEIGH,104,"2,443",-75,"2,159",18,"2,516",17.2%,97.1%
526,Panther Creek High ,S,09-12,T,N/A,2348,,,,,,,,,,661,571,574,542,"1,198","1,150",7,370,328,207,,121,"1,315",0.3%,15.8%,14.0%,8.8%,0.0%,5.2%,56.0%,253,10.8%,42,1.8%,65,2.8%,NO,93.1%,Exc,Hgh,No,Southern Wake,Mr. Ron Margiotta,Southwestern Area,Ms. Julye Mizelle,Cary,CARY,83,"2,348",57,"1,663",22,"2,248",23.5%,104.4%
552,Sanderson High,S,09-12,T,N/A,1905,,,,,,,,,,598,473,418,416,999,906,5,68,477,222,2,79,"1,052",0.3%,3.6%,25.0%,11.7%,0.1%,4.1%,55.2%,519,27.2%,72,3.8%,104,5.5%,NO,86.0%,Dst,Hgh,No,Central Raleigh,Dr. Carolyn Morrison,Northern Area,Ms. Ann Hooker,Raleigh,RALEIGH,86,"1,905",-22,"1,735",10,"1,953",12.3%,97.5%
562,Southeast Raleigh High,S,09-12,MOD,Center for Leadership and Technology,1663,,,,,,,,,,554,375,364,370,886,777,9,23,"1,155",154,,93,229,0.5%,1.4%,69.5%,9.3%,0.0%,5.6%,13.8%,668,40.2%,37,2.2%,58,3.5%,NO,69.3%,NR,Not Met,No,East Raleigh,Mr. Keith Sutton,Southwestern Area,Ms. Julye Mizelle,Raleigh,RALEIGH,85,"1,663",23,"1,566",14,"1,925",18.6%,86.4%
583,Wake Early College of Health and Sciences,S,09-12,WECHS,Early College,237,,,,,,,,,,73,49,55,60,63,174,,25,83,26,1,13,89,0.0%,10.5%,35.0%,11.0%,0.4%,5.5%,37.6%,70,29.5%,1,0.4%,6,2.5%,NO,96.1%,HE,Exp,Yes,East Raleigh,Mr. Keith Sutton,Southwestern Area,Ms. Julye Mizelle,Raleigh,RALEIGH,11,237,0,251,0,251,0.0%,94.4%
588,Wake Forest-Rolesville High,S,09-12,T,N/A,2077,,,,,,,,,,579,527,513,458,"1,045","1,032",16,38,447,211,4,98,"1,263",0.8%,1.8%,21.5%,10.2%,0.2%,4.7%,60.8%,519,25.0%,25,1.2%,56,2.7%,NO,85.8%,Dst,Exp,No,Northeast Wake,Mr. Chris Malone,Northeastern Area,Mr. Andre Smith,Wake Forest,WAKE FOREST,111,"2,077",-659,"2,223",27,"2,160",27.6%,96.2%
595,Wakefield High,S,09-12,T,N/A,2573,,,,,,,,,,604,629,702,638,"1,290","1,283",12,126,711,359,4,89,"1,272",0.5%,4.9%,27.6%,14.0%,0.2%,3.5%,49.4%,696,27.1%,70,2.7%,131,5.1%,NO,84.4%,Dst,Hgh,No,North Raleigh,Mr. Kevin L. Hill,Northeastern Area,Mr. Andre Smith,Raleigh,RALEIGH,83,"2,573",-90,"1,663",66,"3,103",43.1%,82.9%
324,Longview School,S/O,06-12,T,N/A,114,,,,,,,12,14,17,35,16,7,13,88,26,,,94,4,,6,10,0.0%,0.0%,82.5%,3.5%,0.0%,5.3%,8.8%,95,83.3%,1,0.9%,1,0.9%,NO,29.5%,NS,N/A,No,East Raleigh,Mr. Keith Sutton,Central Area,Ms. Cathy Moore ,Raleigh,RALEIGH,26,114,0,102,0,102,0.0%,111.8%
528,Mary E. Phillips High School,S/O,09-12,T,N/A,166,,,,,,,,,,30,39,40,57,54,112,,,142,11,,5,8,0.0%,0.0%,85.5%,6.6%,0.0%,3.0%,4.8%,120,72.3%,0,0.0%,3,1.8%,NO,31.1%,Hgh,Hgh,No,East Raleigh,Mr. Keith Sutton,Central Area,Ms. Cathy Moore ,Raleigh,RALEIGH,22,166,0,144,0,144,0.0%,115.3%
438,River Oaks Middle School,S/O,06-8 ,T,N/A,36,,,,,,,1,12,23,,,,,23,13,,1,17,9,,,9,0.0%,2.8%,47.2%,25.0%,0.0%,0.0%,25.0%,27,75.0%,0,0.0%,4,11.1%,NO,53.1%,Hgh,Hgh,Yes,East Raleigh,Mr. Keith Sutton,Northeastern Area,Mr. Andre Smith,Raleigh,RALEIGH,14,36,0,0,0,0,0.0%,0.0%
508,Mount Vernon School,S/O ,KI-8 ,T,N/A,95,1,6,2,5,14,13,5,19,30,,,,,75,20,1,,55,11,1,5,22,1.1%,0.0%,57.9%,11.6%,1.1%,5.3%,23.2%,69,72.6%,1,1.1%,3,3.2%,NO,38.8%,Exp,Exp,No,Central Raleigh,Dr. Carolyn Morrison,Northern Area,Ms. Ann Hooker,Raleigh,RALEIGH,25,95,0,128,1,138,8.3%,68.8%
,TOTAL,,,,,"143,289","11,555","10,996","11,942","11,647","11,674","11,326","11,040","10,943","10,759","12,356","10,381","9,609","9,061","73,044","70,245",638,"8,644","35,494","20,909",147,"6,471","70,986",0.4%,6.0%,24.8%,14.6%,0.1%,4.5%,49.5%,"46,456",32.4%,"6,096",4.3%,"11,388",7.9%,,,,,,,,,,,,"7,645","143,289","-2,931","135,055","1,161","158,795",16.90%,90.20%
